{"nighttab":true,"version":"6.0.0","state":{"header":{"area":{"width":100,"justify":"center","align":"center"},"item":{"justify":"right"},"clock":{"hours":{"show":true,"display":"number"},"minutes":{"show":true,"display":"number"},"seconds":{"show":false,"display":"number"},"separator":{"show":true,"text":":"},"meridiem":{"show":true},"hour24":{"show":true},"size":1.2,"newLine":false},"date":{"day":{"show":true,"display":"word","weekStart":"monday","length":"long"},"date":{"show":true,"display":"number","ordinal":true},"month":{"show":true,"display":"word","length":"long","ordinal":true},"year":{"show":false,"display":"number"},"separator":{"show":true,"text":"/"},"format":"datemonth","size":1.2,"newLine":false},"search":{"show":false,"width":{"by":"auto","size":30},"focus":false,"engine":{"selected":"google","google":{"url":"https://www.google.com/search","name":"Google"},"duckduckgo":{"url":"https://duckduckgo.com/","name":"DuckDuckGo"},"youtube":{"url":"https://www.youtube.com/results?search_query=","name":"YouTube"},"giphy":{"url":"https://giphy.com/search/","name":"Giphy"},"custom":{"url":"","name":"","queryName":""},"bing":{"url":"https://www.bing.com/search?q=","name":"Bing"}},"text":{"justify":"center"},"size":1,"newLine":false,"newTab":false,"opacity":1},"border":{"top":0,"bottom":0},"greeting":{"show":false,"type":"good","name":"","size":1,"newLine":false},"transitional":{"show":false,"type":"timeanddate","size":1,"newLine":false},"radius":false,"position":"sticky","color":{"show":true,"style":"always","opacity":0.67,"by":"theme","rgb":{"r":0,"g":0,"b":0},"hsl":{"h":0,"s":0,"l":0}},"order":["greeting","transitional","clock","date","search","editAdd","colorAccent","menu"],"menu":{"show":true,"size":1,"newLine":false,"opacity":0},"editAdd":{"show":false,"size":1,"newLine":false,"opacity":0},"colorAccent":{"dot":{"show":true},"show":false,"size":1,"newLine":false,"opacity":0}},"link":{"area":{"width":100,"justify":"center","direction":"ltr"},"item":{"display":{"alignment":"bottomright","rotate":0,"translate":{"x":0,"y":0},"name":{"show":true,"size":0.9},"order":"visualname","direction":"vertical","gutter":2,"visual":{"letter":{"size":3},"icon":{"size":3},"image":{"size":3},"shadow":{"size":0}}},"url":{"show":true},"size":1,"line":{"show":false},"hoverScale":{"show":true},"newTab":false,"border":0,"shadow":{"show":true},"color":{"hsl":{"h":0,"s":0,"l":0},"rgb":{"r":0,"g":0,"b":0},"opacity":1,"by":"theme"},"accent":{"hsl":{"h":0,"s":0,"l":0},"rgb":{"r":0,"g":0,"b":0},"by":"theme"},"background":{"opacity":1}},"show":false,"edit":false,"style":"block","add":false,"orientation":"bottom","breakpoint":"xl"},"layout":{"alignment":"centercenter","padding":4,"gutter":2,"width":100,"scrollPastEnd":false,"title":"New Tab","order":"headerlink","size":1,"scrollbars":"auto","direction":"vertical"},"theme":{"accent":{"random":{"active":false,"style":"any"},"rgb":{"r":0,"g":255,"b":255},"cycle":{"active":false,"speed":300,"step":10},"hsl":{"h":180,"s":100,"l":50}},"style":"dark","radius":0.25,"color":{"hsl":{"h":215,"s":18,"l":32},"rgb":{"r":67,"g":79,"b":96},"contrast":{"light":2,"dark":2},"generated":{"negative":{"1":{"r":63,"g":74,"b":90},"2":{"r":59,"g":69,"b":84},"3":{"r":54,"g":64,"b":78},"4":{"r":50,"g":59,"b":72},"5":{"r":46,"g":54,"b":66},"6":{"r":42,"g":49,"b":60},"7":{"r":38,"g":44,"b":54},"8":{"r":33,"g":39,"b":48},"9":{"r":29,"g":35,"b":42},"10":{"r":25,"g":30,"b":36}},"positive":{"1":{"r":71,"g":84,"b":102},"2":{"r":75,"g":89,"b":108},"3":{"r":80,"g":94,"b":114},"4":{"r":84,"g":99,"b":120},"5":{"r":88,"g":104,"b":126},"6":{"r":92,"g":109,"b":132},"7":{"r":96,"g":114,"b":138},"8":{"r":101,"g":119,"b":144},"9":{"r":105,"g":123,"b":150},"10":{"r":111,"g":129,"b":154}}}},"font":{"display":{"name":"Unica One","weight":400,"style":"normal"},"ui":{"name":"Inria Sans","weight":400,"style":"normal"}},"custom":{"all":[],"edit":false},"shadow":0.5,"shade":{"opacity":0.02}},"background":{"color":{"by":"theme","rgb":{"r":0,"g":0,"b":0},"hsl":{"h":0,"s":0,"l":0}},"visual":{"show":true,"type":"video","image":{"type":"url","file":{"name":"","data":""},"url":""},"video":{"url":"https://pixabay.com/videos/download/video-40581_large.mp4"},"blur":0,"scale":1,"opacity":0.6,"grayscale":0,"accent":0.1,"vignette":{"opacity":23,"start":90,"end":17}}},"edge":true,"search":false,"menu":true,"modal":false,"autoSuggest":false,"pagelock":true,"shade":true,"group":{"area":{"justify":"left"},"name":{"size":1},"border":0,"order":"headerbody","add":false,"edit":false,"openAll":{"size":1,"opacity":1}},"dropdown":false,"edit":true},"bookmarks":[{"name":{"show":true,"text":"Group 1"},"items":[],"openAll":{"show":true}}]}
