{"nighttab":true,"version":"6.6.0","state":{"header":{"area":{"width":82,"justify":"center","align":"center"},"item":{"justify":"left"},"clock":{"hours":{"show":true,"display":"number"},"minutes":{"show":true,"display":"number"},"seconds":{"show":false,"display":"number"},"separator":{"show":false,"text":":"},"meridiem":{"show":true},"hour24":{"show":true},"size":4,"newLine":true},"date":{"day":{"show":false,"display":"word","weekStart":"monday","length":"long"},"date":{"show":true,"display":"number","ordinal":true},"month":{"show":true,"display":"word","length":"short","ordinal":true},"year":{"show":false,"display":"number"},"separator":{"show":true,"text":"/"},"format":"datemonth","size":1.7,"newLine":false},"search":{"show":true,"width":{"by":"auto","size":30},"focus":false,"engine":{"selected":"google","google":{"url":"https://www.google.com/search","name":"Google"},"duckduckgo":{"url":"https://duckduckgo.com/","name":"DuckDuckGo"},"youtube":{"url":"https://www.youtube.com/results?search_query=","name":"YouTube"},"giphy":{"url":"https://giphy.com/search/","name":"Giphy"},"bing":{"url":"https://www.bing.com/search?q=","name":"Bing"},"custom":{"url":"","name":"","queryName":""}},"text":{"justify":"left"},"size":1,"newLine":true,"newTab":false,"opacity":0.9},"border":{"top":0,"bottom":0},"greeting":{"show":true,"type":"custom","name":"Aaryav","size":1,"newLine":false,"custom":"Hola"},"transitional":{"show":false,"type":"its","size":1,"newLine":false},"position":"sticky","radius":false,"color":{"show":true,"style":"scroll","opacity":0.95,"by":"theme","rgb":{"r":0,"g":0,"b":0},"hsl":{"h":0,"s":0,"l":0}},"order":["transitional","greeting","clock","date","search","editAdd","colorAccent","menu"],"menu":{"show":true,"size":1,"newLine":false,"opacity":0},"editAdd":{"show":true,"size":1,"newLine":false,"opacity":0},"colorAccent":{"dot":{"show":true},"show":false,"size":1,"newLine":false,"opacity":0}},"link":{"area":{"width":100,"justify":"center","direction":"ltr"},"item":{"color":{"hsl":{"h":0,"s":0,"l":0},"rgb":{"r":0,"g":0,"b":0},"opacity":0.9,"by":"theme"},"display":{"name":{"show":true,"size":0.7},"gutter":2,"direction":"vertical","order":"visualname","alignment":"bottomright","rotate":0,"translate":{"x":0,"y":0},"visual":{"letter":{"size":2},"icon":{"size":2},"image":{"size":2},"shadow":{"size":0}}},"url":{"show":true},"line":{"show":false},"shadow":{"show":true},"hoverScale":{"show":false},"newTab":false,"size":1,"border":0,"accent":{"hsl":{"h":0,"s":0,"l":0},"rgb":{"r":0,"g":0,"b":0},"by":"theme"},"background":{"opacity":1}},"show":true,"add":false,"edit":false,"style":"block","orientation":"bottom","breakpoint":"md"},"group":{"area":{"justify":"left"},"name":{"size":1},"border":0,"order":"headerbody","add":false,"edit":false,"openAll":{"size":1,"opacity":1}},"layout":{"alignment":"centercenter","order":"headerlink","padding":4,"gutter":2,"size":1,"width":83,"scrollPastEnd":false,"title":"Nueva Pestaña // New Tab","scrollbars":"auto","direction":"horizontal"},"theme":{"accent":{"random":{"active":false,"style":"any"},"rgb":{"r":94,"g":129,"b":172},"cycle":{"active":false,"speed":200,"step":10},"hsl":{"h":213,"s":32,"l":52}},"color":{"hsl":{"h":220,"s":16,"l":41},"rgb":{"r":88,"g":99,"b":121},"contrast":{"light":5.3,"dark":2.5},"generated":{"negative":{"1":{"r":83,"g":93,"b":114},"2":{"r":77,"g":87,"b":106},"3":{"r":72,"g":81,"b":99},"4":{"r":67,"g":75,"b":91},"5":{"r":61,"g":69,"b":84},"6":{"r":56,"g":63,"b":77},"7":{"r":50,"g":57,"b":69},"8":{"r":45,"g":51,"b":62},"9":{"r":40,"g":45,"b":55},"10":{"r":34,"g":39,"b":47}},"positive":{"1":{"r":99,"g":112,"b":137},"2":{"r":112,"g":125,"b":151},"3":{"r":128,"g":139,"b":162},"4":{"r":143,"g":153,"b":174},"5":{"r":159,"g":168,"b":185},"6":{"r":175,"g":182,"b":197},"7":{"r":190,"g":196,"b":208},"8":{"r":206,"g":210,"b":219},"9":{"r":222,"g":225,"b":231},"10":{"r":237,"g":239,"b":242}}}},"font":{"display":{"name":"Major Mono Display","weight":400,"style":"normal"},"ui":{"name":"inter","weight":400,"style":"normal"}},"style":"dark","radius":0.75,"custom":{"all":[],"edit":false},"shadow":1,"shade":{"opacity":0.05}},"background":{"color":{"by":"theme","rgb":{"r":0,"g":0,"b":0},"hsl":{"h":0,"s":0,"l":0}},"visual":{"show":true,"type":"image","image":{"type":"url","file":{"name":"","data":""},"url":"https://source.unsplash.com/4u2U8EO9OzY"},"video":{"url":""},"blur":0,"scale":1,"opacity":0.26,"grayscale":0,"accent":0.36,"vignette":{"opacity":0,"start":90,"end":70}}},"edit":false,"pagelock":true,"shade":true,"edge":false,"search":false,"menu":true,"modal":true,"dropdown":false,"autoSuggest":false},"bookmarks":[{"name":{"show":true,"text":"Mi Amigos"},"items":[{"display":{"direction":"vertical","order":"visualname","alignment":"bottomright","gutter":2,"rotate":0,"translate":{"x":0,"y":0},"visual":{"show":true,"type":"icon","letter":{"size":2,"text":""},"image":{"size":2,"url":""},"icon":{"size":2,"name":"calendar-alt","prefix":"fas","label":"Alternate Calendar"},"shadow":{"size":0}},"name":{"show":true,"text":"Calender","size":0.7}},"url":"https://calender.google.com","accent":{"by":"theme","hsl":{"h":0,"s":0,"l":0},"rgb":{"r":0,"g":0,"b":0}},"color":{"by":"theme","hsl":{"h":0,"s":0,"l":0},"rgb":{"r":0,"g":0,"b":0},"opacity":0.9},"wide":false,"tall":false,"searchMatch":false,"timeStamp":1546453104010,"background":{"show":false,"type":"image","opacity":1,"image":{"url":"https://image.shutterstock.com/image-photo/surreal-image-african-elephant-wearing-260nw-1365289022.jpg"},"video":{"url":""}}},{"display":{"direction":"vertical","order":"visualname","alignment":"bottomright","gutter":2,"rotate":0,"translate":{"x":0,"y":0},"visual":{"show":true,"type":"icon","letter":{"size":2,"text":"AZ"},"image":{"size":2,"url":""},"icon":{"size":2,"name":"youtube","prefix":"fab","label":"YouTube"},"shadow":{"size":0}},"name":{"show":true,"text":"Youtube","size":0.7}},"url":"https://www.youtube.com","accent":{"by":"theme","hsl":{"h":0,"s":0,"l":0},"rgb":{"r":0,"g":0,"b":0}},"color":{"by":"theme","hsl":{"h":0,"s":0,"l":0},"rgb":{"r":0,"g":0,"b":0},"opacity":0.9},"wide":false,"tall":false,"searchMatch":false,"timeStamp":1546453107633,"background":{"show":false,"type":"image","opacity":1,"image":{"url":""},"video":{"url":""}}},{"display":{"direction":"vertical","order":"visualname","alignment":"bottomright","gutter":2,"rotate":0,"translate":{"x":0,"y":0},"visual":{"show":true,"type":"icon","letter":{"size":2,"text":"R"},"image":{"size":2,"url":""},"icon":{"size":3,"name":"code","prefix":"fas","label":"Code"},"shadow":{"size":0}},"name":{"show":true,"text":"Replit","size":0.9}},"url":"https://replit.com","accent":{"by":"theme","hsl":{"h":0,"s":0,"l":0},"rgb":{"r":0,"g":0,"b":0}},"color":{"by":"theme","hsl":{"h":0,"s":0,"l":0},"rgb":{"r":0,"g":0,"b":0},"opacity":0.9},"wide":true,"tall":true,"searchMatch":false,"timeStamp":1546453111491,"background":{"show":false,"type":"image","opacity":1,"image":{"url":""},"video":{"url":""}}},{"display":{"direction":"vertical","order":"visualname","alignment":"bottomright","gutter":2,"rotate":0,"translate":{"x":0,"y":0},"visual":{"show":true,"type":"icon","letter":{"size":2,"text":"Google"},"image":{"size":2,"url":""},"icon":{"size":2,"name":"apple","prefix":"fab","label":"Apple"},"shadow":{"size":0}},"name":{"show":true,"text":"Apple","size":0.7}},"url":"https://www.apple.com","accent":{"by":"theme","hsl":{"h":0,"s":0,"l":0},"rgb":{"r":0,"g":0,"b":0}},"color":{"by":"theme","hsl":{"h":0,"s":0,"l":0},"rgb":{"r":0,"g":0,"b":0},"opacity":0.9},"wide":false,"tall":true,"searchMatch":false,"timeStamp":1546453104460,"background":{"show":false,"type":"image","opacity":1,"image":{"url":""},"video":{"url":""}}},{"display":{"direction":"vertical","order":"visualname","alignment":"bottomright","gutter":2,"rotate":0,"translate":{"x":0,"y":0},"visual":{"show":true,"type":"icon","letter":{"size":2,"text":"GM"},"image":{"size":2,"url":""},"icon":{"size":2,"name":"envelope","prefix":"fas","label":"Envelope"},"shadow":{"size":0}},"name":{"show":true,"text":"Gmail","size":0.7}},"url":"https://mail.google.com/","accent":{"by":"theme","hsl":{"h":0,"s":0,"l":0},"rgb":{"r":0,"g":0,"b":0}},"color":{"by":"theme","hsl":{"h":0,"s":0,"l":0},"rgb":{"r":0,"g":0,"b":0},"opacity":0.9},"wide":false,"tall":false,"searchMatch":false,"timeStamp":1546453110265,"background":{"show":false,"type":"image","opacity":1,"image":{"url":""},"video":{"url":""}}},{"display":{"direction":"vertical","order":"visualname","alignment":"bottomright","gutter":2,"rotate":0,"translate":{"x":0,"y":0},"visual":{"show":true,"type":"icon","letter":{"size":2,"text":"DR"},"image":{"size":2,"url":""},"icon":{"size":2,"name":"google-drive","prefix":"fab","label":"Google Drive"},"shadow":{"size":0}},"name":{"show":true,"text":"Drive","size":0.7}},"url":"https://drive.google.com/drive/","accent":{"by":"theme","hsl":{"h":0,"s":0,"l":0},"rgb":{"r":0,"g":0,"b":0}},"color":{"by":"theme","hsl":{"h":0,"s":0,"l":0},"rgb":{"r":0,"g":0,"b":0},"opacity":0.9},"wide":false,"tall":false,"searchMatch":false,"timeStamp":1546453111953,"background":{"show":false,"type":"image","opacity":1,"image":{"url":""},"video":{"url":""}}},{"display":{"direction":"vertical","order":"visualname","alignment":"bottomright","gutter":2,"rotate":0,"translate":{"x":0,"y":0},"visual":{"show":true,"type":"icon","letter":{"size":2,"text":"DEV"},"image":{"size":2,"url":""},"icon":{"size":2,"name":"microsoft","prefix":"fab","label":"Microsoft"},"shadow":{"size":0}},"name":{"show":true,"text":"Microsoft Office","size":0.7}},"url":"https://www.office.com","accent":{"by":"theme","hsl":{"h":0,"s":0,"l":0},"rgb":{"r":0,"g":0,"b":0}},"color":{"by":"theme","hsl":{"h":0,"s":0,"l":0},"rgb":{"r":0,"g":0,"b":0},"opacity":0.9},"wide":false,"tall":false,"searchMatch":false,"timeStamp":1546453101749,"background":{"show":false,"type":"image","opacity":1,"image":{"url":""},"video":{"url":""}}},{"display":{"direction":"vertical","order":"visualname","alignment":"bottomright","gutter":2,"rotate":0,"translate":{"x":0,"y":0},"visual":{"show":true,"type":"icon","letter":{"size":2,"text":"GIT"},"image":{"size":2,"url":""},"icon":{"size":2,"name":"github","prefix":"fab","label":"GitHub"},"shadow":{"size":0}},"name":{"show":true,"text":"Github","size":0.7}},"url":"https://github.com/","accent":{"by":"theme","hsl":{"h":0,"s":0,"l":0},"rgb":{"r":0,"g":0,"b":0}},"color":{"by":"theme","hsl":{"h":0,"s":0,"l":0},"rgb":{"r":0,"g":0,"b":0},"opacity":0.9},"wide":false,"tall":false,"searchMatch":false,"timeStamp":1546453108926,"background":{"show":false,"type":"image","opacity":1,"image":{"url":""},"video":{"url":""}}}],"openAll":{"show":false}}]}