{"nighttab":true,"version":"6.0.0","state":{"header":{"clock":{"hours":{"show":false,"display":"number"},"minutes":{"show":false,"display":"number"},"seconds":{"show":false,"display":"number"},"separator":{"show":true,"text":""},"meridiem":{"show":false},"hour24":{"show":false},"size":1,"newLine":false},"date":{"day":{"show":false,"display":"word","weekStart":"monday","length":"long"},"date":{"show":false,"display":"number","ordinal":false},"month":{"show":false,"display":"word","length":"long","ordinal":true},"year":{"show":false,"display":"number"},"separator":{"show":true,"text":""},"format":"datemonth","size":1,"newLine":false},"search":{"show":false,"focus":false,"engine":{"selected":"giphy","google":{"url":"https://www.google.com/search","name":"Google"},"duckduckgo":{"url":"https://duckduckgo.com/","name":"DuckDuckGo"},"giphy":{"url":"https://giphy.com/search/","name":"Giphy"},"custom":{"url":"","name":"","queryName":""},"youtube":{"url":"https://www.youtube.com/results?search_query=","name":"YouTube"},"bing":{"url":"https://www.bing.com/search?q=","name":"Bing"}},"width":{"by":"auto","size":26},"text":{"justify":"center"},"size":1,"newLine":false,"newTab":false,"opacity":0},"greeting":{"show":false,"type":"good","name":"","size":1,"newLine":false},"transitional":{"show":false,"type":"timeanddate","size":1,"newLine":false},"area":{"width":100,"justify":"center","align":"center"},"border":{"top":0,"bottom":0},"item":{"justify":"left"},"radius":false,"position":"inline","color":{"show":true,"style":"scroll","opacity":0.95,"by":"theme","rgb":{"r":0,"g":0,"b":0},"hsl":{"h":0,"s":0,"l":0}},"order":["greeting","transitional","clock","date","editAdd","colorAccent","menu","search"],"menu":{"show":true,"size":1,"newLine":false,"opacity":0},"editAdd":{"show":true,"size":1,"newLine":false,"opacity":0},"colorAccent":{"dot":{"show":true},"show":false,"size":1,"newLine":false,"opacity":0}},"layout":{"width":72,"scrollPastEnd":false,"title":"","alignment":"centercenter","padding":6,"gutter":2,"order":"linkheader","size":1,"scrollbars":"none","direction":"vertical"},"background":{"color":{"by":"custom","rgb":{"r":0,"g":0,"b":0},"hsl":{"h":0,"s":0,"l":0}},"visual":{"show":true,"type":"image","image":{"type":"url","file":{"name":"","data":""},"url":"https://images.unsplash.com/photo-1472803828399-39d4ac53c6e5?ixlib=rb-1.2.1&ixid=eyJhcHBfaWQiOjEyMDd9&auto=format&fit=crop&w=3442&q=80"},"video":{"url":""},"blur":2,"scale":1,"opacity":0.5,"grayscale":0,"accent":0,"vignette":{"opacity":30,"start":90,"end":70}}},"search":false,"menu":true,"modal":false,"theme":{"accent":{"random":{"active":false,"style":"light"},"rgb":{"r":0,"g":255,"b":252},"cycle":{"active":false,"speed":1000,"step":60},"hsl":{"h":179,"s":100,"l":50}},"style":"dark","radius":0.5,"color":{"hsl":{"h":0,"s":0,"l":63},"rgb":{"r":161,"g":161,"b":161},"contrast":{"light":5,"dark":5},"generated":{"negative":{"1":{"r":148,"g":148,"b":148},"2":{"r":136,"g":136,"b":136},"3":{"r":123,"g":123,"b":123},"4":{"r":110,"g":110,"b":110},"5":{"r":97,"g":97,"b":97},"6":{"r":84,"g":84,"b":84},"7":{"r":72,"g":72,"b":72},"8":{"r":59,"g":59,"b":59},"9":{"r":46,"g":46,"b":46},"10":{"r":33,"g":33,"b":33}},"positive":{"1":{"r":174,"g":174,"b":174},"2":{"r":186,"g":186,"b":186},"3":{"r":199,"g":199,"b":199},"4":{"r":212,"g":212,"b":212},"5":{"r":225,"g":225,"b":225},"6":{"r":237,"g":237,"b":237},"7":{"r":250,"g":250,"b":250},"8":{"r":255,"g":255,"b":255},"9":{"r":255,"g":255,"b":255},"10":{"r":255,"g":255,"b":255}}}},"font":{"display":{"name":"Baloo 2","weight":400,"style":"normal"},"ui":{"name":"","weight":400,"style":"normal"}},"custom":{"all":[],"edit":false},"shadow":0.25,"shade":{"opacity":0.1}},"autoSuggest":false,"link":{"edit":false,"style":"block","area":{"width":100,"justify":"center","direction":"ltr"},"show":true,"item":{"size":1,"display":{"alignment":"centercenter","rotate":0,"translate":{"x":0,"y":0},"name":{"show":true,"size":0.6},"order":"visualname","direction":"vertical","gutter":1,"visual":{"letter":{"size":2},"icon":{"size":3},"image":{"size":2},"shadow":{"size":0}}},"url":{"show":true},"line":{"show":false},"hoverScale":{"show":false},"newTab":false,"border":2,"shadow":{"show":false},"color":{"hsl":{"h":0,"s":0,"l":0},"rgb":{"r":0,"g":0,"b":0},"opacity":0,"by":"theme"},"accent":{"hsl":{"h":0,"s":0,"l":0},"rgb":{"r":0,"g":0,"b":0},"by":"theme"},"background":{"opacity":1}},"add":false,"orientation":"bottom","breakpoint":"lg"},"edge":false,"pagelock":true,"shade":true,"group":{"area":{"justify":"left"},"name":{"size":1},"border":0,"order":"headerbody","add":false,"edit":false,"openAll":{"size":1,"opacity":1}},"dropdown":false,"edit":false},"bookmarks":[{"name":{"show":false,"text":"Cool stuff"},"items":[{"display":{"direction":"vertical","order":"visualname","alignment":"centercenter","gutter":2,"rotate":0,"translate":{"x":0,"y":0},"visual":{"show":true,"type":"icon","letter":{"size":2,"text":"DEV"},"image":{"size":2,"url":""},"icon":{"size":3,"name":"code","prefix":"fas","label":"Code"},"shadow":{"size":0}},"name":{"show":false,"text":"Devdocs","size":0.7}},"url":"http://devdocs.io/","accent":{"by":"custom","hsl":{"h":207,"s":34,"l":50},"rgb":{"r":84,"g":132,"b":171}},"color":{"by":"theme","hsl":{"h":0,"s":0,"l":0},"rgb":{"r":0,"g":0,"b":0},"opacity":0},"wide":false,"tall":false,"searchMatch":false,"timeStamp":1546453101749,"background":{"show":false,"type":"image","opacity":1,"image":{"url":""},"video":{"url":""}}},{"display":{"direction":"vertical","order":"visualname","alignment":"centercenter","gutter":2,"rotate":0,"translate":{"x":0,"y":0},"visual":{"show":true,"type":"icon","letter":{"size":2,"text":"R"},"image":{"size":2,"url":""},"icon":{"size":3,"name":"reddit-alien","prefix":"fab","label":"reddit Alien"},"shadow":{"size":0}},"name":{"show":false,"text":"Reddit","size":0.7}},"url":"https://www.reddit.com/","accent":{"by":"custom","hsl":{"h":27,"s":100,"l":50},"rgb":{"r":255,"g":115,"b":0}},"color":{"by":"theme","hsl":{"h":0,"s":0,"l":0},"rgb":{"r":0,"g":0,"b":0},"opacity":0},"wide":true,"tall":false,"searchMatch":false,"timeStamp":1546453111491,"background":{"show":false,"type":"image","opacity":1,"image":{"url":""},"video":{"url":""}}},{"display":{"direction":"vertical","order":"visualname","alignment":"centercenter","gutter":2,"rotate":0,"translate":{"x":0,"y":0},"visual":{"show":true,"type":"icon","letter":{"size":2,"text":"GIT"},"image":{"size":2,"url":""},"icon":{"size":3,"name":"github","prefix":"fab","label":"GitHub"},"shadow":{"size":0}},"name":{"show":false,"text":"Github","size":0.7}},"url":"https://github.com/","accent":{"by":"custom","hsl":{"h":0,"s":0,"l":100},"rgb":{"r":255,"g":255,"b":255}},"color":{"by":"theme","hsl":{"h":0,"s":0,"l":0},"rgb":{"r":0,"g":0,"b":0},"opacity":0},"wide":false,"tall":true,"searchMatch":false,"timeStamp":1546453108926,"background":{"show":false,"type":"image","opacity":1,"image":{"url":""},"video":{"url":""}}},{"display":{"direction":"vertical","order":"visualname","alignment":"centercenter","gutter":2,"rotate":0,"translate":{"x":0,"y":0},"visual":{"show":true,"type":"icon","letter":{"size":2,"text":"AS"},"image":{"size":2,"url":""},"icon":{"size":3,"name":"dice-d20","prefix":"fas","label":"Dice D20"},"shadow":{"size":0}},"name":{"show":false,"text":"awesomeSheet","size":0.7}},"url":"https://zombiefox.github.io/awesomeSheet/","accent":{"by":"custom","hsl":{"h":218,"s":49,"l":42},"rgb":{"r":55,"g":93,"b":160}},"color":{"by":"theme","hsl":{"h":0,"s":0,"l":0},"rgb":{"r":0,"g":0,"b":0},"opacity":0},"wide":false,"tall":false,"searchMatch":false,"timeStamp":1546453104010,"background":{"show":false,"type":"image","opacity":1,"image":{"url":""},"video":{"url":""}}},{"display":{"direction":"vertical","order":"visualname","alignment":"centercenter","gutter":2,"rotate":0,"translate":{"x":0,"y":0},"visual":{"show":true,"type":"icon","letter":{"size":2,"text":"AZ"},"image":{"size":2,"url":""},"icon":{"size":3,"name":"amazon","prefix":"fab","label":"Amazon"},"shadow":{"size":0}},"name":{"show":false,"text":"Amazon","size":0.7}},"url":"https://www.amazon.co.uk/","accent":{"by":"custom","hsl":{"h":45,"s":100,"l":50},"rgb":{"r":255,"g":191,"b":0}},"color":{"by":"theme","hsl":{"h":0,"s":0,"l":0},"rgb":{"r":0,"g":0,"b":0},"opacity":0},"wide":false,"tall":false,"searchMatch":false,"timeStamp":1546453107633,"background":{"show":false,"type":"image","opacity":1,"image":{"url":""},"video":{"url":""}}},{"display":{"direction":"vertical","order":"visualname","alignment":"centercenter","gutter":2,"rotate":0,"translate":{"x":0,"y":0},"visual":{"show":true,"type":"icon","letter":{"size":2,"text":"N"},"image":{"size":2,"url":""},"icon":{"size":3,"name":"film","prefix":"fas","label":"Film"},"shadow":{"size":0}},"name":{"show":false,"text":"Netflix","size":0.7}},"url":"https://www.netflix.com/","accent":{"by":"custom","hsl":{"h":5,"s":100,"l":50},"rgb":{"r":255,"g":21,"b":0}},"color":{"by":"theme","hsl":{"h":0,"s":0,"l":0},"rgb":{"r":0,"g":0,"b":0},"opacity":0},"wide":false,"tall":false,"searchMatch":false,"timeStamp":1546453104460,"background":{"show":false,"type":"image","opacity":1,"image":{"url":""},"video":{"url":""}}},{"display":{"direction":"vertical","order":"visualname","alignment":"centercenter","gutter":2,"rotate":0,"translate":{"x":0,"y":0},"visual":{"show":true,"type":"icon","letter":{"size":2,"text":"DR"},"image":{"size":2,"url":""},"icon":{"size":3,"name":"google-drive","prefix":"fab","label":"Google Drive"},"shadow":{"size":0}},"name":{"show":false,"text":"Drive","size":0.7}},"url":"https://drive.google.com/drive/","accent":{"by":"custom","hsl":{"h":144,"s":100,"l":50},"rgb":{"r":0,"g":255,"b":102}},"color":{"by":"theme","hsl":{"h":0,"s":0,"l":0},"rgb":{"r":0,"g":0,"b":0},"opacity":0},"wide":false,"tall":false,"searchMatch":false,"timeStamp":1546453111953,"background":{"show":false,"type":"image","opacity":1,"image":{"url":""},"video":{"url":""}}},{"display":{"direction":"vertical","order":"visualname","alignment":"centercenter","gutter":2,"rotate":0,"translate":{"x":0,"y":0},"visual":{"show":true,"type":"icon","letter":{"size":2,"text":"GM"},"image":{"size":2,"url":""},"icon":{"size":3,"name":"envelope","prefix":"fas","label":"Envelope"},"shadow":{"size":0}},"name":{"show":false,"text":"Gmail","size":0.7}},"url":"https://mail.google.com/","accent":{"by":"custom","hsl":{"h":0,"s":100,"l":50},"rgb":{"r":255,"g":0,"b":0}},"color":{"by":"theme","hsl":{"h":0,"s":0,"l":0},"rgb":{"r":0,"g":0,"b":0},"opacity":0},"wide":false,"tall":false,"searchMatch":false,"timeStamp":1546453110265,"background":{"show":false,"type":"image","opacity":1,"image":{"url":""},"video":{"url":""}}}],"openAll":{"show":false}}]}
