{"nighttab":true,"version":"6.0.0","state":{"header":{"area":{"width":100,"justify":"center","align":"center"},"item":{"justify":"left"},"clock":{"hours":{"show":true,"display":"number"},"minutes":{"show":true,"display":"number"},"seconds":{"show":false,"display":"number"},"separator":{"show":true,"text":":"},"meridiem":{"show":true},"hour24":{"show":false},"size":1,"newLine":false},"date":{"day":{"show":true,"display":"word","weekStart":"monday","length":"short"},"date":{"show":true,"display":"number","ordinal":true},"month":{"show":true,"display":"word","length":"short","ordinal":true},"year":{"show":false,"display":"number"},"separator":{"show":true,"text":"/"},"format":"datemonth","size":1,"newLine":false},"search":{"show":false,"width":{"by":"custom","size":100},"focus":false,"engine":{"selected":"google","google":{"url":"https://www.google.com/search","name":"Google"},"duckduckgo":{"url":"https://duckduckgo.com/","name":"DuckDuckGo"},"youtube":{"url":"https://www.youtube.com/results?search_query=","name":"YouTube"},"giphy":{"url":"https://giphy.com/search/","name":"Giphy"},"bing":{"url":"https://www.bing.com/search?q=","name":"Bing"},"custom":{"url":"","name":"","queryName":""}},"text":{"justify":"center"},"size":1,"newLine":false,"newTab":false,"opacity":1},"border":{"top":0,"bottom":0},"greeting":{"show":false,"type":"good","name":"","size":1,"newLine":false},"transitional":{"show":true,"type":"its","size":1,"newLine":false},"position":"sticky","radius":false,"color":{"show":true,"style":"scroll","opacity":0.95,"by":"theme","rgb":{"r":0,"g":0,"b":0},"hsl":{"h":0,"s":0,"l":0}},"order":["greeting","transitional","clock","date","search","editAdd","colorAccent","menu"],"menu":{"show":true,"size":1,"newLine":false,"opacity":0},"editAdd":{"show":true,"size":1,"newLine":false,"opacity":0},"colorAccent":{"dot":{"show":false},"show":true,"size":1,"newLine":false,"opacity":0}},"link":{"area":{"width":100,"justify":"center","direction":"ltr"},"item":{"color":{"hsl":{"h":0,"s":0,"l":0},"rgb":{"r":0,"g":0,"b":0},"opacity":1,"by":"theme"},"display":{"name":{"show":true,"size":0.7},"gutter":2,"direction":"vertical","order":"visualname","alignment":"bottomleft","rotate":0,"translate":{"x":0,"y":0},"visual":{"letter":{"size":2},"icon":{"size":2},"image":{"size":2},"shadow":{"size":0}}},"url":{"show":true},"line":{"show":true},"shadow":{"show":true},"hoverScale":{"show":true},"newTab":false,"size":1,"border":0,"accent":{"hsl":{"h":0,"s":0,"l":0},"rgb":{"r":0,"g":0,"b":0},"by":"theme"},"background":{"opacity":1}},"show":true,"add":false,"edit":false,"style":"block","orientation":"bottom","breakpoint":"xl"},"group":{"area":{"justify":"left"},"name":{"size":1},"border":0,"order":"headerbody","add":false,"edit":false,"openAll":{"size":1,"opacity":0}},"layout":{"alignment":"centercenter","order":"headerlink","padding":6,"gutter":2,"size":1,"width":80,"scrollPastEnd":false,"title":"New Tab","scrollbars":"auto","direction":"vertical"},"theme":{"accent":{"random":{"active":false,"style":"any"},"rgb":{"r":0,"g":17,"b":255},"cycle":{"active":false,"speed":200,"step":10},"hsl":{"h":236,"s":100,"l":50}},"color":{"hsl":{"h":221,"s":40,"l":48},"rgb":{"r":73,"g":104,"b":171},"contrast":{"light":4,"dark":3.5},"generated":{"negative":{"1":{"r":68,"g":96,"b":158},"2":{"r":62,"g":89,"b":146},"3":{"r":57,"g":81,"b":133},"4":{"r":52,"g":74,"b":121},"5":{"r":46,"g":66,"b":108},"6":{"r":41,"g":58,"b":96},"7":{"r":36,"g":51,"b":83},"8":{"r":30,"g":43,"b":71},"9":{"r":25,"g":36,"b":58},"10":{"r":20,"g":28,"b":46}},"positive":{"1":{"r":83,"g":114,"b":182},"2":{"r":97,"g":126,"b":188},"3":{"r":111,"g":137,"b":194},"4":{"r":126,"g":149,"b":200},"5":{"r":140,"g":161,"b":206},"6":{"r":154,"g":173,"b":212},"7":{"r":169,"g":184,"b":218},"8":{"r":183,"g":196,"b":224},"9":{"r":197,"g":208,"b":230},"10":{"r":212,"g":219,"b":236}}}},"font":{"display":{"name":"Megrim","weight":400,"style":"normal"},"ui":{"name":"Lato","weight":400,"style":"normal"}},"style":"dark","radius":0.5,"custom":{"all":[],"edit":false},"shadow":0.75,"shade":{"opacity":0.1}},"background":{"color":{"by":"theme","rgb":{"r":0,"g":0,"b":0},"hsl":{"h":0,"s":0,"l":0}},"visual":{"show":false,"type":"video","image":{"type":"file","file":{"name":"","data":""},"url":""},"video":{"url":""},"blur":0,"scale":1,"opacity":1,"grayscale":0,"accent":0,"vignette":{"opacity":0,"start":90,"end":70}}},"edit":false,"pagelock":true,"shade":true,"edge":false,"search":false,"menu":true,"modal":false,"dropdown":false,"autoSuggest":false},"bookmarks":[{"name":{"show":true,"text":"Cool stuff"},"items":[{"display":{"direction":"vertical","order":"visualname","alignment":"bottomleft","gutter":2,"rotate":0,"translate":{"x":0,"y":0},"visual":{"show":true,"type":"letter","letter":{"size":2,"text":"AS"},"image":{"size":2,"url":""},"icon":{"size":2,"name":"dice-d20","prefix":"fas","label":"Dice D20"},"shadow":{"size":0}},"name":{"show":true,"text":"awesomeSheet","size":0.7}},"url":"https://zombiefox.github.io/awesomeSheet/","accent":{"by":"theme","hsl":{"h":0,"s":0,"l":0},"rgb":{"r":0,"g":0,"b":0}},"color":{"by":"theme","hsl":{"h":0,"s":0,"l":0},"rgb":{"r":0,"g":0,"b":0},"opacity":1},"wide":false,"tall":false,"searchMatch":false,"timeStamp":1546453104010,"background":{"show":false,"type":"image","opacity":1,"image":{"url":""},"video":{"url":""}}},{"display":{"direction":"vertical","order":"visualname","alignment":"bottomleft","gutter":2,"rotate":0,"translate":{"x":0,"y":0},"visual":{"show":true,"type":"letter","letter":{"size":2,"text":"AZ"},"image":{"size":2,"url":""},"icon":{"size":2,"name":"amazon","prefix":"fab","label":"Amazon"},"shadow":{"size":0}},"name":{"show":true,"text":"Amazon","size":0.7}},"url":"https://www.amazon.co.uk/","accent":{"by":"theme","hsl":{"h":0,"s":0,"l":0},"rgb":{"r":0,"g":0,"b":0}},"color":{"by":"theme","hsl":{"h":0,"s":0,"l":0},"rgb":{"r":0,"g":0,"b":0},"opacity":1},"wide":false,"tall":false,"searchMatch":false,"timeStamp":1546453107633,"background":{"show":false,"type":"image","opacity":1,"image":{"url":""},"video":{"url":""}}},{"display":{"direction":"vertical","order":"visualname","alignment":"bottomleft","gutter":2,"rotate":0,"translate":{"x":0,"y":0},"visual":{"show":true,"type":"letter","letter":{"size":2,"text":"GM"},"image":{"size":2,"url":""},"icon":{"size":2,"name":"envelope","prefix":"fas","label":"Envelope"},"shadow":{"size":0}},"name":{"show":true,"text":"Gmail","size":0.7}},"url":"https://mail.google.com/","accent":{"by":"theme","hsl":{"h":0,"s":0,"l":0},"rgb":{"r":0,"g":0,"b":0}},"color":{"by":"theme","hsl":{"h":0,"s":0,"l":0},"rgb":{"r":0,"g":0,"b":0},"opacity":1},"wide":false,"tall":false,"searchMatch":false,"timeStamp":1546453110265,"background":{"show":false,"type":"image","opacity":1,"image":{"url":""},"video":{"url":""}}},{"display":{"direction":"vertical","order":"visualname","alignment":"bottomleft","gutter":2,"rotate":0,"translate":{"x":0,"y":0},"visual":{"show":true,"type":"icon","letter":{"size":2,"text":"R"},"image":{"size":2,"url":""},"icon":{"size":2,"name":"reddit-alien","prefix":"fab","label":"reddit Alien"},"shadow":{"size":0}},"name":{"show":true,"text":"Reddit","size":0.7}},"url":"https://www.reddit.com/","accent":{"by":"theme","hsl":{"h":0,"s":0,"l":0},"rgb":{"r":0,"g":0,"b":0}},"color":{"by":"theme","hsl":{"h":0,"s":0,"l":0},"rgb":{"r":0,"g":0,"b":0},"opacity":1},"wide":false,"tall":false,"searchMatch":false,"timeStamp":1546453111491,"background":{"show":false,"type":"image","opacity":1,"image":{"url":""},"video":{"url":""}}},{"display":{"direction":"vertical","order":"visualname","alignment":"bottomleft","gutter":2,"rotate":0,"translate":{"x":0,"y":0},"visual":{"show":true,"type":"letter","letter":{"size":2,"text":"N"},"image":{"size":2,"url":""},"icon":{"size":2,"name":"film","prefix":"fas","label":"Film"},"shadow":{"size":0}},"name":{"show":true,"text":"Netflix","size":0.7}},"url":"https://www.netflix.com/","accent":{"by":"theme","hsl":{"h":0,"s":0,"l":0},"rgb":{"r":0,"g":0,"b":0}},"color":{"by":"theme","hsl":{"h":0,"s":0,"l":0},"rgb":{"r":0,"g":0,"b":0},"opacity":1},"wide":false,"tall":false,"searchMatch":false,"timeStamp":1546453104460,"background":{"show":false,"type":"image","opacity":1,"image":{"url":""},"video":{"url":""}}},{"display":{"direction":"vertical","order":"visualname","alignment":"bottomleft","gutter":2,"rotate":0,"translate":{"x":0,"y":0},"visual":{"show":true,"type":"letter","letter":{"size":2,"text":"DR"},"image":{"size":2,"url":""},"icon":{"size":2,"name":"","prefix":"","label":""},"shadow":{"size":0}},"name":{"show":true,"text":"Drive","size":0.7}},"url":"https://drive.google.com/drive/","accent":{"by":"theme","hsl":{"h":0,"s":0,"l":0},"rgb":{"r":0,"g":0,"b":0}},"color":{"by":"theme","hsl":{"h":0,"s":0,"l":0},"rgb":{"r":0,"g":0,"b":0},"opacity":1},"wide":false,"tall":false,"searchMatch":false,"timeStamp":1546453111953,"background":{"show":false,"type":"image","opacity":1,"image":{"url":""},"video":{"url":""}}}],"openAll":{"show":true}},{"name":{"show":true,"text":"Dev Sites"},"items":[{"display":{"direction":"vertical","order":"visualname","alignment":"bottomleft","gutter":2,"rotate":0,"translate":{"x":0,"y":0},"visual":{"show":true,"type":"letter","letter":{"size":2,"text":"DEV"},"image":{"size":2,"url":""},"icon":{"size":2,"name":"code","prefix":"fas","label":"Code"},"shadow":{"size":0}},"name":{"show":true,"text":"Devdocs","size":0.7}},"url":"http://devdocs.io/","accent":{"by":"theme","hsl":{"h":0,"s":0,"l":0},"rgb":{"r":0,"g":0,"b":0}},"color":{"by":"theme","hsl":{"h":0,"s":0,"l":0},"rgb":{"r":0,"g":0,"b":0},"opacity":1},"wide":false,"tall":false,"searchMatch":false,"timeStamp":1546453101749,"background":{"show":false,"type":"image","opacity":1,"image":{"url":""},"video":{"url":""}}},{"display":{"direction":"vertical","order":"visualname","alignment":"bottomleft","gutter":2,"rotate":0,"translate":{"x":0,"y":0},"visual":{"show":true,"type":"icon","letter":{"size":2,"text":"GIT"},"image":{"size":2,"url":""},"icon":{"size":2,"name":"github","prefix":"fab","label":"GitHub"},"shadow":{"size":0}},"name":{"show":true,"text":"Github","size":0.7}},"url":"https://github.com/","accent":{"by":"theme","hsl":{"h":0,"s":0,"l":0},"rgb":{"r":0,"g":0,"b":0}},"color":{"by":"theme","hsl":{"h":0,"s":0,"l":0},"rgb":{"r":0,"g":0,"b":0},"opacity":1},"wide":false,"tall":false,"searchMatch":false,"timeStamp":1546453108926,"background":{"show":false,"type":"image","opacity":1,"image":{"url":""},"video":{"url":""}}}],"openAll":{"show":true}}]}
