{"nighttab":true,"version":"6.1.1","state":{"header":{"area":{"width":92,"justify":"center","align":"center"},"item":{"justify":"right"},"greeting":{"show":false,"type":"good","name":"","size":1,"newLine":false},"clock":{"hours":{"show":true,"display":"number"},"minutes":{"show":true,"display":"number"},"seconds":{"show":false,"display":"number"},"separator":{"show":true,"text":""},"meridiem":{"show":true},"hour24":{"show":true},"size":5,"newLine":false},"transitional":{"show":false,"type":"timeanddate","size":1,"newLine":false},"date":{"day":{"show":true,"display":"word","weekStart":"monday","length":"long"},"date":{"show":true,"display":"number","ordinal":true},"month":{"show":false,"display":"word","length":"long","ordinal":true},"year":{"show":false,"display":"number"},"separator":{"show":true,"text":""},"format":"datemonth","size":1.1,"newLine":true},"search":{"show":true,"style":"box","width":{"by":"custom","size":68},"focus":false,"engine":{"selected":"google","google":{"url":"https://www.google.com/search","name":"Google"},"duckduckgo":{"url":"https://duckduckgo.com/","name":"DuckDuckGo"},"youtube":{"url":"https://www.youtube.com/results?search_query=","name":"YouTube"},"giphy":{"url":"https://giphy.com/search/","name":"Giphy"},"bing":{"url":"https://www.bing.com/search?q=","name":"Bing"},"custom":{"url":"","name":"","queryName":""}},"text":{"justify":"center"},"size":0.9,"opacity":0.81,"newLine":true,"newTab":false},"editAdd":{"show":true,"size":0.7,"opacity":1,"newLine":false},"colorAccent":{"dot":{"show":true},"show":true,"size":0.7,"opacity":1,"newLine":false},"menu":{"show":true,"size":0.7,"opacity":1,"newLine":false},"order":["greeting","transitional","clock","date","search","editAdd","colorAccent","menu"],"border":{"top":0,"bottom":0},"color":{"by":"theme","hsl":{"h":0,"s":0,"l":0},"rgb":{"r":0,"g":0,"b":0},"style":"scroll","opacity":0.95,"show":false,"newLine":false},"position":"inline","radius":false},"link":{"area":{"width":100,"direction":"ltr","justify":"center"},"item":{"color":{"by":"theme","hsl":{"h":0,"s":0,"l":0},"rgb":{"r":0,"g":0,"b":0},"opacity":1},"accent":{"by":"theme","hsl":{"h":0,"s":0,"l":0},"rgb":{"r":0,"g":0,"b":0}},"background":{"opacity":1},"display":{"visual":{"letter":{"size":3},"icon":{"size":3},"image":{"size":3},"shadow":{"size":0}},"name":{"show":true,"size":0.9},"gutter":2,"direction":"vertical","order":"visualname","alignment":"centercenter","rotate":0,"translate":{"x":0,"y":0}},"url":{"show":true},"line":{"show":true},"shadow":{"show":true},"hoverScale":{"show":true},"newTab":false,"size":1,"border":0},"show":true,"add":false,"edit":false,"style":"block","orientation":"bottom","breakpoint":"lg"},"group":{"area":{"justify":"left"},"name":{"show":true,"size":1},"openAll":{"show":true,"size":1,"opacity":1},"border":0,"order":"headerbody","add":false,"edit":false},"layout":{"alignment":"centercenter","order":"headerlink","direction":"horizontal","padding":9,"gutter":2,"size":0.9,"width":82,"scrollPastEnd":false,"scrollbars":"auto","title":""},"theme":{"accent":{"hsl":{"h":151,"s":100,"l":52},"rgb":{"r":12,"g":255,"b":138},"random":{"active":false,"style":"any"},"cycle":{"active":true,"speed":200,"step":3}},"color":{"hsl":{"h":216,"s":22,"l":56},"rgb":{"r":118,"g":138,"b":167},"contrast":{"light":4.5,"dark":4.5},"generated":{"negative":{"1":{"r":104,"g":126,"b":158},"2":{"r":94,"g":115,"b":146},"3":{"r":85,"g":104,"b":132},"4":{"r":76,"g":93,"b":118},"5":{"r":67,"g":82,"b":104},"6":{"r":58,"g":71,"b":90},"7":{"r":49,"g":60,"b":76},"8":{"r":40,"g":49,"b":62},"9":{"r":31,"g":38,"b":48},"10":{"r":22,"g":27,"b":34}},"positive":{"1":{"r":132,"g":150,"b":176},"2":{"r":146,"g":162,"b":185},"3":{"r":160,"g":174,"b":194},"4":{"r":174,"g":186,"b":203},"5":{"r":188,"g":198,"b":212},"6":{"r":202,"g":210,"b":221},"7":{"r":216,"g":222,"b":230},"8":{"r":230,"g":233,"b":239},"9":{"r":244,"g":245,"b":248},"10":{"r":255,"g":255,"b":255}}}},"font":{"display":{"name":"Dosis","weight":200,"style":"normal"},"ui":{"name":"Montserrat","weight":400,"style":"normal"}},"style":"dark","radius":1.05,"shadow":0.5,"shade":{"opacity":0},"custom":{"all":[],"edit":false}},"background":{"color":{"by":"theme","hsl":{"h":0,"s":0,"l":0},"rgb":{"r":0,"g":0,"b":0}},"visual":{"show":false,"type":"video","image":{"type":"file","file":{"name":"","data":""},"url":""},"video":{"url":""},"blur":0,"scale":1,"opacity":1,"grayscale":0,"accent":0,"vignette":{"opacity":0,"start":90,"end":70}}},"edit":false,"pagelock":true,"shade":true,"edge":false,"search":false,"menu":true,"modal":true,"dropdown":false,"autoSuggest":false},"bookmarks":[{"name":{"text":"Cool stuff","show":true},"openAll":{"show":true},"items":[{"display":{"direction":"vertical","order":"visualname","alignment":"centercenter","gutter":2,"rotate":0,"translate":{"x":0,"y":0},"visual":{"show":true,"type":"letter","letter":{"size":3,"text":"DR"},"image":{"size":3,"url":""},"icon":{"size":3,"name":"","prefix":"","label":""},"shadow":{"size":0}},"name":{"show":false,"text":"Drive","size":0.9}},"url":"https://drive.google.com/drive/","accent":{"by":"theme","hsl":{"h":0,"s":0,"l":0},"rgb":{"r":0,"g":0,"b":0}},"color":{"by":"theme","hsl":{"h":0,"s":0,"l":0},"rgb":{"r":0,"g":0,"b":0},"opacity":1},"background":{"show":false,"type":"image","opacity":1,"image":{"url":""},"video":{"url":""}},"wide":false,"tall":false,"searchMatch":false,"timeStamp":1546453111953},{"display":{"direction":"vertical","order":"visualname","alignment":"centercenter","gutter":2,"rotate":0,"translate":{"x":0,"y":0},"visual":{"show":true,"type":"letter","letter":{"size":3,"text":"AZ"},"image":{"size":3,"url":""},"icon":{"size":3,"name":"amazon","prefix":"fab","label":"Amazon"},"shadow":{"size":0}},"name":{"show":false,"text":"Amazon","size":0.9}},"url":"https://www.amazon.co.uk/","accent":{"by":"theme","hsl":{"h":0,"s":0,"l":0},"rgb":{"r":0,"g":0,"b":0}},"color":{"by":"theme","hsl":{"h":0,"s":0,"l":0},"rgb":{"r":0,"g":0,"b":0},"opacity":1},"background":{"show":false,"type":"image","opacity":1,"image":{"url":""},"video":{"url":""}},"wide":false,"tall":false,"searchMatch":false,"timeStamp":1546453107633},{"display":{"direction":"vertical","order":"visualname","alignment":"centercenter","gutter":2,"rotate":0,"translate":{"x":0,"y":0},"visual":{"show":true,"type":"icon","letter":{"size":3,"text":"AS"},"image":{"size":3,"url":""},"icon":{"size":3,"name":"dice-d20","prefix":"fas","label":"Dice D20"},"shadow":{"size":0}},"name":{"show":false,"text":"awesomeSheet","size":0.9}},"url":"https://zombiefox.github.io/awesomeSheet/","accent":{"by":"theme","hsl":{"h":0,"s":0,"l":0},"rgb":{"r":0,"g":0,"b":0}},"color":{"by":"theme","hsl":{"h":0,"s":0,"l":0},"rgb":{"r":0,"g":0,"b":0},"opacity":1},"background":{"show":false,"type":"image","opacity":1,"image":{"url":""},"video":{"url":""}},"wide":false,"tall":false,"searchMatch":false,"timeStamp":1546453104010},{"display":{"direction":"vertical","order":"visualname","alignment":"centercenter","gutter":2,"rotate":0,"translate":{"x":0,"y":0},"visual":{"show":true,"type":"letter","letter":{"size":3,"text":"GM"},"image":{"size":3,"url":""},"icon":{"size":3,"name":"envelope","prefix":"fas","label":"Envelope"},"shadow":{"size":0}},"name":{"show":false,"text":"Gmail","size":0.9}},"url":"https://mail.google.com/","accent":{"by":"theme","hsl":{"h":0,"s":0,"l":0},"rgb":{"r":0,"g":0,"b":0}},"color":{"by":"theme","hsl":{"h":0,"s":0,"l":0},"rgb":{"r":0,"g":0,"b":0},"opacity":1},"background":{"show":false,"type":"image","opacity":1,"image":{"url":""},"video":{"url":""}},"wide":false,"tall":false,"searchMatch":false,"timeStamp":1546453110265},{"display":{"direction":"vertical","order":"visualname","alignment":"centercenter","gutter":2,"rotate":0,"translate":{"x":0,"y":0},"visual":{"show":true,"type":"icon","letter":{"size":3,"text":"N"},"image":{"size":3,"url":""},"icon":{"size":3,"name":"film","prefix":"fas","label":"Film"},"shadow":{"size":0}},"name":{"show":false,"text":"Netflix","size":0.9}},"url":"https://www.netflix.com/","accent":{"by":"theme","hsl":{"h":0,"s":0,"l":0},"rgb":{"r":0,"g":0,"b":0}},"color":{"by":"theme","hsl":{"h":0,"s":0,"l":0},"rgb":{"r":0,"g":0,"b":0},"opacity":1},"background":{"show":false,"type":"image","opacity":1,"image":{"url":""},"video":{"url":""}},"wide":false,"tall":false,"searchMatch":false,"timeStamp":1546453104460},{"display":{"direction":"vertical","order":"visualname","alignment":"centercenter","gutter":2,"rotate":0,"translate":{"x":0,"y":0},"visual":{"show":true,"type":"icon","letter":{"size":3,"text":"R"},"image":{"size":3,"url":""},"icon":{"size":3,"name":"reddit-alien","prefix":"fab","label":"reddit Alien"},"shadow":{"size":0}},"name":{"show":false,"text":"Reddit","size":0.9}},"url":"https://www.reddit.com/","accent":{"by":"theme","hsl":{"h":0,"s":0,"l":0},"rgb":{"r":0,"g":0,"b":0}},"color":{"by":"theme","hsl":{"h":0,"s":0,"l":0},"rgb":{"r":0,"g":0,"b":0},"opacity":1},"background":{"show":false,"type":"image","opacity":1,"image":{"url":""},"video":{"url":""}},"wide":false,"tall":false,"searchMatch":false,"timeStamp":1546453111491},{"display":{"direction":"vertical","order":"visualname","alignment":"centercenter","gutter":2,"rotate":0,"translate":{"x":0,"y":0},"visual":{"show":true,"type":"icon","letter":{"size":3,"text":""},"image":{"size":3,"url":""},"icon":{"size":3,"name":"youtube-square","prefix":"fab","label":"YouTube Square"},"shadow":{"size":0}},"name":{"show":false,"text":"Law Tutorials","size":0.9}},"url":"https://www.youtube.com/c/laaw_tutorials","accent":{"by":"theme","hsl":{"h":0,"s":0,"l":0},"rgb":{"r":0,"g":0,"b":0}},"color":{"by":"theme","hsl":{"h":0,"s":0,"l":0},"rgb":{"r":0,"g":0,"b":0},"opacity":1},"background":{"show":false,"type":"video","opacity":1,"image":{"url":""},"video":{"url":""}},"wide":false,"tall":false,"searchMatch":false,"timeStamp":1619323341221},{"display":{"direction":"vertical","order":"visualname","alignment":"centercenter","gutter":2,"rotate":0,"translate":{"x":0,"y":0},"visual":{"show":true,"type":"icon","letter":{"size":3,"text":""},"image":{"size":3,"url":""},"icon":{"size":3,"name":"discord","prefix":"fab","label":"Discord"},"shadow":{"size":0}},"name":{"show":false,"text":"Discord","size":0.9}},"url":"https://discord.com/","accent":{"by":"theme","hsl":{"h":0,"s":0,"l":0},"rgb":{"r":0,"g":0,"b":0}},"color":{"by":"theme","hsl":{"h":0,"s":0,"l":0},"rgb":{"r":0,"g":0,"b":0},"opacity":1},"background":{"show":false,"type":"video","opacity":1,"image":{"url":""},"video":{"url":""}},"wide":false,"tall":false,"searchMatch":false,"timeStamp":1619323766758}]}]}