{"nighttab":true,"version":"6.6.0","state":{"header":{"area":{"width":100,"justify":"center","align":"center"},"item":{"justify":"left"},"greeting":{"show":false,"type":"custom","name":"","size":1,"newLine":false,"custom":""},"clock":{"hours":{"show":true,"display":"number"},"minutes":{"show":true,"display":"number"},"seconds":{"show":false,"display":"number"},"separator":{"show":true,"text":""},"meridiem":{"show":true},"hour24":{"show":true},"size":1,"newLine":false},"transitional":{"show":false,"type":"timeanddate","size":1,"newLine":false},"date":{"day":{"show":true,"display":"word","weekStart":"monday","length":"long"},"date":{"show":true,"display":"number","ordinal":true},"month":{"show":true,"display":"word","length":"long","ordinal":true},"year":{"show":false,"display":"number"},"separator":{"show":true,"text":""},"format":"datemonth","size":1,"newLine":false},"search":{"show":true,"style":"box","width":{"by":"auto","size":30},"focus":false,"engine":{"selected":"google","google":{"url":"https://www.google.com/search","name":"Google"},"duckduckgo":{"url":"https://duckduckgo.com/","name":"DuckDuckGo"},"youtube":{"url":"https://www.youtube.com/results?search_query=","name":"YouTube"},"giphy":{"url":"https://giphy.com/search/","name":"Giphy"},"bing":{"url":"https://www.bing.com/search?q=","name":"Bing"},"custom":{"url":"","name":"","queryName":""}},"text":{"justify":"center"},"size":1,"opacity":1,"newLine":false,"newTab":false},"editAdd":{"show":false,"size":1,"opacity":1,"newLine":false},"colorAccent":{"dot":{"show":true},"show":false,"size":1,"opacity":1,"newLine":false},"menu":{"show":true,"size":1,"opacity":1,"newLine":false},"order":["greeting","transitional","clock","date","search","editAdd","colorAccent","menu"],"border":{"top":0,"bottom":0},"color":{"by":"theme","hsl":{"h":0,"s":0,"l":0},"rgb":{"r":0,"g":0,"b":0},"style":"scroll","opacity":0.95,"show":false,"newLine":false},"position":"inline","radius":false},"link":{"area":{"width":100,"direction":"ltr","justify":"center"},"item":{"color":{"by":"theme","hsl":{"h":0,"s":0,"l":0},"rgb":{"r":0,"g":0,"b":0},"opacity":1},"accent":{"by":"theme","hsl":{"h":0,"s":0,"l":0},"rgb":{"r":0,"g":0,"b":0}},"background":{"opacity":0.72},"display":{"visual":{"letter":{"size":3},"icon":{"size":3},"image":{"size":3},"shadow":{"size":11}},"name":{"show":true,"size":0.9},"gutter":2,"direction":"vertical","order":"visualname","alignment":"bottomleft","rotate":0,"translate":{"x":0,"y":0}},"url":{"show":true},"line":{"show":false},"shadow":{"show":true},"hoverScale":{"show":true},"newTab":false,"size":1,"border":0},"show":true,"add":false,"edit":false,"style":"block","orientation":"bottom","breakpoint":"xl"},"group":{"area":{"justify":"left"},"name":{"show":true,"size":1},"openAll":{"show":true,"size":1,"opacity":1},"border":0,"order":"headerbody","add":false,"edit":false},"layout":{"alignment":"centercenter","order":"headerlink","direction":"vertical","padding":4,"gutter":2,"size":1,"width":80,"scrollPastEnd":false,"scrollbars":"auto","title":""},"theme":{"accent":{"hsl":{"h":0,"s":0,"l":100},"rgb":{"r":255,"g":255,"b":255},"random":{"active":false,"style":"any"},"cycle":{"active":false,"speed":300,"step":10}},"color":{"hsl":{"h":220,"s":9,"l":62},"rgb":{"r":149,"g":155,"b":167},"contrast":{"light":4,"dark":4},"generated":{"negative":{"1":{"r":138,"g":144,"b":158},"2":{"r":127,"g":134,"b":148},"3":{"r":116,"g":123,"b":139},"4":{"r":106,"g":114,"b":128},"5":{"r":97,"g":104,"b":117},"6":{"r":88,"g":94,"b":106},"7":{"r":79,"g":84,"b":95},"8":{"r":69,"g":74,"b":83},"9":{"r":60,"g":64,"b":72},"10":{"r":51,"g":54,"b":61}},"positive":{"1":{"r":160,"g":166,"b":176},"2":{"r":171,"g":176,"b":186},"3":{"r":182,"g":187,"b":195},"4":{"r":194,"g":197,"b":204},"5":{"r":205,"g":208,"b":213},"6":{"r":216,"g":218,"b":223},"7":{"r":227,"g":229,"b":232},"8":{"r":238,"g":239,"b":241},"9":{"r":249,"g":250,"b":250},"10":{"r":255,"g":255,"b":255}}}},"font":{"display":{"name":"","weight":400,"style":"normal"},"ui":{"name":"","weight":400,"style":"normal"}},"style":"dark","radius":0.25,"shadow":0.75,"shade":{"opacity":0.4},"custom":{"all":[],"edit":false}},"background":{"color":{"by":"theme","hsl":{"h":0,"s":0,"l":0},"rgb":{"r":0,"g":0,"b":0}},"visual":{"show":false,"type":"video","image":{"type":"file","file":{"name":"","data":""},"url":""},"video":{"url":""},"blur":0,"scale":1,"opacity":1,"grayscale":0,"accent":0,"vignette":{"opacity":0,"start":90,"end":70}}},"edit":false,"pagelock":true,"shade":true,"edge":false,"search":false,"menu":true,"modal":false,"dropdown":false,"autoSuggest":false},"bookmarks":[{"name":{"text":"Amigos","show":true},"openAll":{"show":false},"items":[{"display":{"direction":"vertical","order":"visualname","alignment":"bottomleft","gutter":2,"rotate":0,"translate":{"x":0,"y":0},"visual":{"show":true,"type":"icon","letter":{"size":3,"text":"AS"},"image":{"size":3,"url":""},"icon":{"size":3,"name":"headset","prefix":"fas","label":"Headset"},"shadow":{"size":11}},"name":{"show":false,"text":"awesomeSheet","size":0.9}},"url":"https://web.roblox.com","accent":{"by":"theme","hsl":{"h":0,"s":0,"l":0},"rgb":{"r":0,"g":0,"b":0}},"color":{"by":"theme","hsl":{"h":0,"s":0,"l":0},"rgb":{"r":0,"g":0,"b":0},"opacity":1},"background":{"show":true,"type":"image","opacity":0.72,"image":{"url":"https://cutewallpaper.org/21/red-orange-wallpaper/Wallpaper-polygon-4k-HD-wallpaper-orange-red-blue-.jpg"},"video":{"url":""}},"wide":false,"tall":false,"searchMatch":false,"timeStamp":1546453104010},{"display":{"direction":"vertical","order":"visualname","alignment":"bottomleft","gutter":2,"rotate":0,"translate":{"x":0,"y":0},"visual":{"show":true,"type":"icon","letter":{"size":3,"text":"N"},"image":{"size":3,"url":""},"icon":{"size":3,"name":"youtube","prefix":"fab","label":"YouTube"},"shadow":{"size":11}},"name":{"show":false,"text":"Netflix","size":0.9}},"url":"https://youtube.com","accent":{"by":"theme","hsl":{"h":0,"s":0,"l":0},"rgb":{"r":0,"g":0,"b":0}},"color":{"by":"theme","hsl":{"h":0,"s":0,"l":0},"rgb":{"r":0,"g":0,"b":0},"opacity":1},"background":{"show":true,"type":"image","opacity":0.72,"image":{"url":"https://wallpaperaccess.com/full/732794.jpg"},"video":{"url":""}},"wide":false,"tall":true,"searchMatch":false,"timeStamp":1546453104460},{"display":{"direction":"vertical","order":"visualname","alignment":"bottomleft","gutter":2,"rotate":0,"translate":{"x":0,"y":0},"visual":{"show":true,"type":"icon","letter":{"size":3,"text":"GM"},"image":{"size":3,"url":""},"icon":{"size":3,"name":"envelope","prefix":"fas","label":"Envelope"},"shadow":{"size":11}},"name":{"show":false,"text":"Gmail","size":0.9}},"url":"https://mail.google.com/","accent":{"by":"theme","hsl":{"h":0,"s":0,"l":0},"rgb":{"r":0,"g":0,"b":0}},"color":{"by":"theme","hsl":{"h":0,"s":0,"l":0},"rgb":{"r":0,"g":0,"b":0},"opacity":1},"background":{"show":true,"type":"image","opacity":0.72,"image":{"url":"http://images.unsplash.com/photo-1579546929518-9e396f3cc809?ixlib=rb-1.2.1&q=80&fm=jpg&crop=entropy&cs=tinysrgb&w=1080&fit=max"},"video":{"url":""}},"wide":true,"tall":false,"searchMatch":false,"timeStamp":1546453110265},{"display":{"direction":"vertical","order":"visualname","alignment":"bottomleft","gutter":2,"rotate":0,"translate":{"x":0,"y":0},"visual":{"show":true,"type":"icon","letter":{"size":3,"text":"AZ"},"image":{"size":3,"url":""},"icon":{"size":3,"name":"atom","prefix":"fas","label":"Atom"},"shadow":{"size":11}},"name":{"show":false,"text":"Amazon","size":0.9}},"url":"https://periodex.co","accent":{"by":"theme","hsl":{"h":0,"s":0,"l":0},"rgb":{"r":0,"g":0,"b":0}},"color":{"by":"theme","hsl":{"h":0,"s":0,"l":0},"rgb":{"r":0,"g":0,"b":0},"opacity":1},"background":{"show":true,"type":"image","opacity":0.72,"image":{"url":"https://wallpaperstock.net/wallpapers/thumbs1/43576hd.jpg"},"video":{"url":""}},"wide":false,"tall":true,"searchMatch":false,"timeStamp":1546453107633},{"display":{"direction":"vertical","order":"visualname","alignment":"bottomleft","gutter":2,"rotate":0,"translate":{"x":0,"y":0},"visual":{"show":true,"type":"icon","letter":{"size":3,"text":""},"image":{"size":3,"url":""},"icon":{"size":3,"name":"google","prefix":"fab","label":"Google Logo"},"shadow":{"size":11}},"name":{"show":false,"text":"https://www.adobe.com/ca/","size":0.9}},"url":"https://google.com","accent":{"by":"theme","hsl":{"h":0,"s":0,"l":0},"rgb":{"r":0,"g":0,"b":0}},"color":{"by":"theme","hsl":{"h":0,"s":0,"l":0},"rgb":{"r":0,"g":0,"b":0},"opacity":1},"background":{"show":true,"type":"image","opacity":0.72,"image":{"url":"https://wallpapercave.com/wp/wp6621664.jpg"},"video":{"url":""}},"wide":false,"tall":false,"searchMatch":false,"timeStamp":1615182639387},{"display":{"direction":"vertical","order":"visualname","alignment":"bottomleft","gutter":2,"rotate":0,"translate":{"x":0,"y":0},"visual":{"show":true,"type":"icon","letter":{"size":3,"text":"DEV"},"image":{"size":3,"url":""},"icon":{"size":3,"name":"code","prefix":"fas","label":"Code"},"shadow":{"size":11}},"name":{"show":false,"text":"Devdocs","size":0.9}},"url":"https://code.whitehatjr.com","accent":{"by":"theme","hsl":{"h":0,"s":0,"l":0},"rgb":{"r":0,"g":0,"b":0}},"color":{"by":"theme","hsl":{"h":0,"s":0,"l":0},"rgb":{"r":0,"g":0,"b":0},"opacity":1},"background":{"show":true,"type":"image","opacity":0.72,"image":{"url":"https://wallpapercave.com/wp/wp5348055.jpg"},"video":{"url":""}},"wide":false,"tall":false,"searchMatch":false,"timeStamp":1546453101749},{"display":{"direction":"vertical","order":"visualname","alignment":"bottomleft","gutter":2,"rotate":0,"translate":{"x":0,"y":0},"visual":{"show":true,"type":"icon","letter":{"size":3,"text":"GIT"},"image":{"size":3,"url":""},"icon":{"size":3,"name":"github","prefix":"fab","label":"GitHub"},"shadow":{"size":11}},"name":{"show":false,"text":"Github","size":0.9}},"url":"https://github.com/","accent":{"by":"theme","hsl":{"h":0,"s":0,"l":0},"rgb":{"r":0,"g":0,"b":0}},"color":{"by":"theme","hsl":{"h":0,"s":0,"l":0},"rgb":{"r":0,"g":0,"b":0},"opacity":1},"background":{"show":true,"type":"image","opacity":0.72,"image":{"url":"https://wallup.net/wp-content/uploads/2015/12/102302-abstract.jpg"},"video":{"url":""}},"wide":false,"tall":false,"searchMatch":false,"timeStamp":1546453108926},{"display":{"direction":"vertical","order":"visualname","alignment":"bottomleft","gutter":2,"rotate":0,"translate":{"x":0,"y":0},"visual":{"show":true,"type":"icon","letter":{"size":3,"text":"DR"},"image":{"size":3,"url":""},"icon":{"size":3,"name":"google-drive","prefix":"fab","label":"Google Drive"},"shadow":{"size":11}},"name":{"show":false,"text":"Drive","size":0.9}},"url":"https://drive.google.com/drive/","accent":{"by":"theme","hsl":{"h":0,"s":0,"l":0},"rgb":{"r":0,"g":0,"b":0}},"color":{"by":"theme","hsl":{"h":0,"s":0,"l":0},"rgb":{"r":0,"g":0,"b":0},"opacity":1},"background":{"show":true,"type":"image","opacity":0.72,"image":{"url":"https://i.pinimg.com/originals/29/56/19/2956197c28d5ea52daf0515e86c775da.png"},"video":{"url":""}},"wide":false,"tall":false,"searchMatch":false,"timeStamp":1546453111953},{"display":{"direction":"vertical","order":"visualname","alignment":"bottomleft","gutter":2,"rotate":0,"translate":{"x":0,"y":0},"visual":{"show":true,"type":"icon","letter":{"size":3,"text":"R"},"image":{"size":3,"url":""},"icon":{"size":3,"name":"microsoft","prefix":"fab","label":"Microsoft"},"shadow":{"size":11}},"name":{"show":false,"text":"Reddit","size":0.9}},"url":"https://www.office.com/?auth=2","accent":{"by":"theme","hsl":{"h":0,"s":0,"l":0},"rgb":{"r":0,"g":0,"b":0}},"color":{"by":"theme","hsl":{"h":0,"s":0,"l":0},"rgb":{"r":0,"g":0,"b":0},"opacity":1},"background":{"show":true,"type":"image","opacity":0.72,"image":{"url":"https://wallpaperaccess.com/full/721719.jpg"},"video":{"url":""}},"wide":true,"tall":false,"searchMatch":false,"timeStamp":1546453111491},{"display":{"direction":"vertical","order":"visualname","alignment":"bottomleft","gutter":2,"rotate":0,"translate":{"x":0,"y":0},"visual":{"show":true,"type":"icon","letter":{"size":3,"text":""},"image":{"size":3,"url":""},"icon":{"size":3,"name":"apple","prefix":"fab","label":"Apple"},"shadow":{"size":11}},"name":{"show":true,"text":"","size":0.9}},"url":"https://apple.com","accent":{"by":"theme","hsl":{"h":0,"s":0,"l":0},"rgb":{"r":0,"g":0,"b":0}},"color":{"by":"theme","hsl":{"h":0,"s":0,"l":0},"rgb":{"r":0,"g":0,"b":0},"opacity":1},"background":{"show":true,"type":"image","opacity":0.72,"image":{"url":"https://images.unsplash.com/photo-1579546929662-711aa81148cf?ixlib=rb-1.2.1&ixid=MXwxMjA3fDB8MHxleHBsb3JlLWZlZWR8MXx8fGVufDB8fHw%3D&w=1000&q=80"},"video":{"url":""}},"wide":false,"tall":false,"searchMatch":false,"timeStamp":1615182734351}]}]}